Index Level :;Price
Currency :;EUR
;
;
Date;ACWI Standard (Large+Mid Cap)
Feb 28, 2018;182.507
Mar 1, 2018;180.598
Mar 2, 2018;178.464
Mar 5, 2018;179.37
Mar 6, 2018;179.472
Mar 7, 2018;179.217
Mar 8, 2018;181.099
Mar 9, 2018;183.254
Mar 12, 2018;183.914
Mar 13, 2018;182.06
Mar 14, 2018;181.764
Mar 15, 2018;182.207
Mar 16, 2018;182.804
Mar 19, 2018;180.117
Mar 20, 2018;181.13
Mar 21, 2018;181.054
Mar 22, 2018;177.495
Mar 23, 2018;173.587
Mar 26, 2018;175.045
Mar 27, 2018;174.75
Mar 28, 2018;174.377
Mar 29, 2018;176.578
Mar 30, 2018;176.706
Apr 2, 2018;174.399
Apr 3, 2018;175.688
Apr 4, 2018;176.003
Apr 5, 2018;178.682
Apr 6, 2018;176.016
Apr 9, 2018;175.959
Apr 10, 2018;177.79
Apr 11, 2018;176.737
Apr 12, 2018;178.347
Apr 13, 2018;177.941
Apr 16, 2018;178.057
Apr 17, 2018;179.637
Apr 18, 2018;179.928
Apr 19, 2018;179.67
Apr 20, 2018;179.418
Apr 23, 2018;179.895
Apr 24, 2018;178.721
Apr 25, 2018;178.717
Apr 26, 2018;180.868
Apr 27, 2018;181.538
Apr 30, 2018;181.255
May 1, 2018;182.405
May 2, 2018;182.153
May 3, 2018;181.545
May 4, 2018;183.247
May 7, 2018;184.132
May 8, 2018;184.976
May 9, 2018;186.14
May 10, 2018;187.071
May 11, 2018;186.863
May 14, 2018;186.883
May 15, 2018;186.951
May 16, 2018;188.476
May 17, 2018;188.379
May 18, 2018;188.236
May 21, 2018;189.304
May 22, 2018;188.889
May 23, 2018;189.373
May 24, 2018;188.681
May 25, 2018;189.287
May 28, 2018;189.55
May 29, 2018;188.368
May 30, 2018;188.682
May 31, 2018;187.265
Jun 1, 2018;188.899
Jun 4, 2018;189.684
Jun 5, 2018;189.888
Jun 6, 2018;189.552
Jun 7, 2018;188.902
Jun 8, 2018;189.577
Jun 11, 2018;189.511
Jun 12, 2018;189.954
Jun 13, 2018;189.663
Jun 14, 2018;191.607
Jun 15, 2018;191.288
Jun 18, 2018;190.527
Jun 19, 2018;189.777
Jun 20, 2018;190.208
Jun 21, 2018;188.54
Jun 22, 2018;188.904
Jun 25, 2018;185.483
Jun 26, 2018;185.964
Jun 27, 2018;185.811
Jun 28, 2018;186.245
Jun 29, 2018;185.911
Jul 2, 2018;186.238
Jul 3, 2018;185.515
Jul 4, 2018;185.572
Jul 5, 2018;185.71
Jul 6, 2018;186.332
Jul 9, 2018;187.975
Jul 10, 2018;188.981
Jul 11, 2018;187.287
Jul 12, 2018;189.049
Jul 13, 2018;189.728
Jul 16, 2018;188.829
Jul 17, 2018;189.66
Jul 18, 2018;190.599
Jul 19, 2018;190.342
Jul 20, 2018;189.326
Jul 23, 2018;189.384
Jul 24, 2018;190.5
Jul 25, 2018;192.033
Jul 26, 2018;192.284
Jul 27, 2018;192.005
Jul 30, 2018;190.377
Jul 31, 2018;190.882
Aug 1, 2018;191.035
Aug 2, 2018;191.494
Aug 3, 2018;192.597
Aug 6, 2018;193.237
Aug 7, 2018;193.603
Aug 8, 2018;193.354
Aug 9, 2018;193.656
Aug 10, 2018;193.776
Aug 13, 2018;192.667
Aug 14, 2018;194.187
Aug 15, 2018;193.061
Aug 16, 2018;192.921
Aug 17, 2018;193.222
Aug 20, 2018;193.618
Aug 21, 2018;192.904
Aug 22, 2018;192.042
Aug 23, 2018;191.846
Aug 24, 2018;191.999
Aug 27, 2018;193.117
Aug 28, 2018;192.638
Aug 29, 2018;193.621
Aug 30, 2018;193.231
Aug 31, 2018;193.088
Sep 3, 2018;192.884
Sep 4, 2018;193.086
Sep 5, 2018;190.752
Sep 6, 2018;189.894
Sep 7, 2018;190.269
Sep 10, 2018;190.09
Sep 11, 2018;190.63
Sep 12, 2018;190.404
Sep 13, 2018;190.647
Sep 14, 2018;191.307
Sep 17, 2018;190.209
Sep 18, 2018;191.034
Sep 19, 2018;192.187
Sep 20, 2018;192.364
Sep 21, 2018;192.848
Sep 24, 2018;191.645
Sep 25, 2018;191.8
Sep 26, 2018;192.108
Sep 27, 2018;193.336
Sep 28, 2018;193.928
Oct 1, 2018;194.738
Oct 2, 2018;194.595
Oct 3, 2018;194.927
Oct 4, 2018;193.256
Oct 5, 2018;192.118
Oct 8, 2018;192.017
Oct 9, 2018;191.627
Oct 10, 2018;186.483
Oct 11, 2018;181.898
Oct 12, 2018;183.865
Oct 15, 2018;182.636
Oct 16, 2018;185.856
Oct 17, 2018;186.523
Oct 18, 2018;184.901
Oct 19, 2018;184.646
Oct 22, 2018;184.598
Oct 23, 2018;182.746
Oct 24, 2018;179.949
Oct 25, 2018;181.546
Oct 26, 2018;179.527
Oct 29, 2018;178.63
Oct 30, 2018;180.804
Oct 31, 2018;183.75
Nov 1, 2018;184.527
Nov 2, 2018;185.015
Nov 5, 2018;184.888
Nov 6, 2018;185.418
Nov 7, 2018;187.365
Nov 8, 2018;187.844
Nov 9, 2018;187.128
Nov 12, 2018;185.811
Nov 13, 2018;185.147
Nov 14, 2018;183.818
Nov 15, 2018;184.811
Nov 16, 2018;184.14
Nov 19, 2018;181.459
Nov 20, 2018;179.171
Nov 21, 2018;180.127
Nov 22, 2018;179.885
Nov 23, 2018;180.018
Nov 26, 2018;182.196
Nov 27, 2018;183.149
Nov 28, 2018;186.035
Nov 29, 2018;184.767
Nov 30, 2018;186.265
Dec 3, 2018;188.363
Dec 4, 2018;184.227
Dec 5, 2018;183.469
Dec 6, 2018;180.885
Dec 7, 2018;178.741
Dec 10, 2018;177.578
Dec 11, 2018;178.583
Dec 12, 2018;179.94
Dec 13, 2018;180.255
Dec 14, 2018;178.179
Dec 17, 2018;175.199
Dec 18, 2018;174.183
Dec 19, 2018;172.15
Dec 20, 2018;169.676
Dec 21, 2018;167.426
Dec 24, 2018;164.762
Dec 25, 2018;164.092
Dec 26, 2018;168.626
Dec 27, 2018;169.685
Dec 28, 2018;170.1
Dec 31, 2018;171.261
Jan 1, 2019;171.269
Jan 2, 2019;171.989
Jan 3, 2019;169.043
Jan 4, 2019;173.202
Jan 7, 2019;173.934
Jan 8, 2019;175.47
Jan 9, 2019;176.014
Jan 10, 2019;176.476
Jan 11, 2019;177.162
Jan 14, 2019;176.421
Jan 15, 2019;178.459
Jan 16, 2019;179.377
Jan 17, 2019;180.338
Jan 18, 2019;182.762
Jan 21, 2019;182.788
Jan 22, 2019;180.998
Jan 23, 2019;180.766
Jan 24, 2019;181.587
Jan 25, 2019;182.647
Jan 28, 2019;180.943
Jan 29, 2019;181.337
Jan 30, 2019;183.027
Jan 31, 2019;183.924
Feb 1, 2019;184.118
Feb 4, 2019;185.367
Feb 5, 2019;186.841
Feb 6, 2019;186.944
Feb 7, 2019;185.549
Feb 8, 2019;185.364
Feb 11, 2019;186.292
Feb 12, 2019;187.955
Feb 13, 2019;188.769
Feb 14, 2019;188.499
Feb 15, 2019;190.057
Feb 18, 2019;189.944
Feb 19, 2019;189.754
Feb 20, 2019;190.396
Feb 21, 2019;189.956
Feb 22, 2019;191.023
Feb 25, 2019;191.471
Feb 26, 2019;191.218
Feb 27, 2019;190.771
Feb 28, 2019;189.973
Mar 1, 2019;190.822
Mar 4, 2019;191.497
Mar 5, 2019;191.566
Mar 6, 2019;190.662
Mar 7, 2019;190.453
Mar 8, 2019;189.275
Mar 11, 2019;191.608
Mar 12, 2019;191.681
Mar 13, 2019;192.059
Mar 14, 2019;192.149
Mar 15, 2019;192.985
Mar 18, 2019;193.788
Mar 19, 2019;193.868
Mar 20, 2019;193.045
Mar 21, 2019;194.205
Mar 22, 2019;192.638
Mar 25, 2019;191.084
Mar 26, 2019;193.116
Mar 27, 2019;192.769
Mar 28, 2019;193.179
Mar 29, 2019;194.594
Apr 1, 2019;196.944
Apr 2, 2019;197.496
Apr 3, 2019;197.919
Apr 4, 2019;198.146
Apr 5, 2019;198.705
Apr 8, 2019;198.346
Apr 9, 2019;197.463
Apr 10, 2019;198.295
Apr 11, 2019;197.693
Apr 12, 2019;197.964
Apr 15, 2019;198.123
Apr 16, 2019;198.604
Apr 17, 2019;198.447
Apr 18, 2019;199.345
Apr 19, 2019;199.358
Apr 22, 2019;199.178
Apr 23, 2019;201.093
Apr 24, 2019;200.604
Apr 25, 2019;201.204
Apr 26, 2019;201.593
Apr 29, 2019;201.78
Apr 30, 2019;201.215
May 1, 2019;199.938
May 2, 2019;200.195
May 3, 2019;201.568
May 6, 2019;200.088
May 7, 2019;197.544
May 8, 2019;196.871
May 9, 2019;194.876
May 10, 2019;195.304
May 13, 2019;191.712
May 14, 2019;193.203
May 15, 2019;194.28
May 16, 2019;195.935
May 17, 2019;195.173
May 20, 2019;194.055
May 21, 2019;194.939
May 22, 2019;194.917
May 23, 2019;192.704
May 24, 2019;192.433
May 27, 2019;192.808
May 28, 2019;192.126
May 29, 2019;190.992
May 30, 2019;191.619
May 31, 2019;189.742
Jun 3, 2019;188.896
Jun 4, 2019;190.943
Jun 5, 2019;191.905
Jun 6, 2019;192.187
Jun 7, 2019;193.181
Jun 10, 2019;194.584
Jun 11, 2019;195.152
Jun 12, 2019;194.496
Jun 13, 2019;195.437
Jun 14, 2019;195.619
Jun 17, 2019;195.503
Jun 18, 2019;198.134
Jun 19, 2019;198.793
Jun 20, 2019;199.564
Jun 21, 2019;198.614
Jun 24, 2019;197.407
Jun 25, 2019;196.202
Jun 26, 2019;195.938
Jun 27, 2019;196.876
Jun 28, 2019;197.488
Jul 1, 2019;199.917
Jul 2, 2019;200.938
Jul 3, 2019;202.283
Jul 4, 2019;202.533
Jul 5, 2019;202.722
Jul 8, 2019;201.653
Jul 9, 2019;201.651
Jul 10, 2019;201.605
Jul 11, 2019;202.048
Jul 12, 2019;202.553
Jul 15, 2019;202.672
Jul 16, 2019;202.919
Jul 17, 2019;201.936
Jul 18, 2019;202.029
Jul 19, 2019;201.788
Jul 22, 2019;201.945
Jul 23, 2019;204.269
Jul 24, 2019;205.061
Jul 25, 2019;203.868
Jul 26, 2019;205.047
Jul 29, 2019;204.626
Jul 30, 2019;203.677
Jul 31, 2019;202.343
Aug 1, 2019;202.257
Aug 2, 2019;199.091
Aug 5, 2019;192.633
Aug 6, 2019;193.567
Aug 7, 2019;193.46
Aug 8, 2019;196.652
Aug 9, 2019;195.625
Aug 12, 2019;193.733
Aug 13, 2019;195.518
Aug 14, 2019;192.142
Aug 15, 2019;192.558
Aug 16, 2019;194.885
Aug 19, 2019;197.125
Aug 20, 2019;196.29
Aug 21, 2019;197.588
Aug 22, 2019;197.334
Aug 23, 2019;193.755
Aug 26, 2019;194.244
Aug 27, 2019;194.518
Aug 28, 2019;195.563
Aug 29, 2019;197.567
Aug 30, 2019;199.319
Sep 2, 2019;199.963
Sep 3, 2019;199.008
Sep 4, 2019;200.087
Sep 5, 2019;202.134
Sep 6, 2019;202.557
Sep 9, 2019;202.404
Sep 10, 2019;202.724
Sep 11, 2019;204.982
Sep 12, 2019;205.091
Sep 13, 2019;204.528
Sep 16, 2019;205.329
Sep 17, 2019;204.657
Sep 18, 2019;204.467
Sep 19, 2019;204.711
Sep 20, 2019;205.069
Sep 23, 2019;204.912
Sep 24, 2019;203.83
Sep 25, 2019;204.626
Sep 26, 2019;204.931
Sep 27, 2019;203.979
Sep 30, 2019;205.191
Oct 1, 2019;203.048
Oct 2, 2019;199.241
Oct 3, 2019;199.423
Oct 4, 2019;201.473
Oct 7, 2019;200.967
Oct 8, 2019;199.374
Oct 9, 2019;200.04
Oct 10, 2019;200.547
Oct 11, 2019;202.889
Oct 14, 2019;202.886
Oct 15, 2019;204.462
Oct 16, 2019;204.23
Oct 17, 2019;203.663
Oct 18, 2019;202.592
Oct 21, 2019;203.713
Oct 22, 2019;203.714
Oct 23, 2019;204.242
Oct 24, 2019;205.205
Oct 25, 2019;206.001
Oct 28, 2019;206.846
Oct 29, 2019;206.521
Oct 30, 2019;206.728
Oct 31, 2019;205.81
Nov 1, 2019;207.244
Nov 4, 2019;208.621
Nov 5, 2019;210.122
Nov 6, 2019;210.251
Nov 7, 2019;211.359
Nov 8, 2019;211.782
Nov 11, 2019;211.042
Nov 12, 2019;211.833
Nov 13, 2019;211.471
Nov 14, 2019;211.338
Nov 15, 2019;211.963
Nov 18, 2019;211.728
Nov 19, 2019;211.799
Nov 20, 2019;211.122
Nov 21, 2019;210.386
Nov 22, 2019;211.579
Nov 25, 2019;213.49
Nov 26, 2019;213.65
Nov 27, 2019;214.713
Nov 28, 2019;214.443
Nov 29, 2019;213.032
Dec 2, 2019;210.847
Dec 3, 2019;209.485
Dec 4, 2019;210.398
Dec 5, 2019;210.711
Dec 6, 2019;213.142
Dec 9, 2019;212.488
Dec 10, 2019;211.838
Dec 11, 2019;212.55
Dec 12, 2019;213.403
Dec 13, 2019;214.268
Dec 16, 2019;215.712
Dec 17, 2019;215.684
Dec 18, 2019;216.103
Dec 19, 2019;216.826
Dec 20, 2019;218.219
Dec 23, 2019;218.337
Dec 24, 2019;218.315
Dec 25, 2019;218.266
Dec 26, 2019;218.902
Dec 27, 2019;218.174
Dec 30, 2019;216.44
Dec 31, 2019;216.356
Jan 1, 2020;216.356
Jan 2, 2020;218.546
Jan 3, 2020;218.115
Jan 6, 2020;217.478
Jan 7, 2020;218.326
Jan 8, 2020;219.018
Jan 9, 2020;220.837
Jan 10, 2020;220.538
Jan 13, 2020;221.243
Jan 14, 2020;221.509
Jan 15, 2020;221.062
Jan 16, 2020;222.467
Jan 17, 2020;224.31
Jan 20, 2020;224.496
Jan 21, 2020;223.263
Jan 22, 2020;223.951
Jan 23, 2020;223.954
Jan 24, 2020;223.415
Jan 27, 2020;220.053
Jan 28, 2020;221.612
Jan 29, 2020;221.632
Jan 30, 2020;220.179
Jan 31, 2020;216.58
Feb 3, 2020;217.75
Feb 4, 2020;221.337
Feb 5, 2020;223.948
Feb 6, 2020;225.711
Feb 7, 2020;224.761
Feb 10, 2020;226.16
Feb 11, 2020;227.317
Feb 12, 2020;229.122
Feb 13, 2020;229.604
Feb 14, 2020;229.796
Feb 17, 2020;230.099
Feb 18, 2020;229.185
Feb 19, 2020;230.848
Feb 20, 2020;229.485
Feb 21, 2020;226.737
Feb 24, 2020;219.935
Feb 25, 2020;214.702
Feb 26, 2020;213.459
Feb 27, 2020;204.118
Feb 28, 2020;200.563
Mar 2, 2020;203.971
Mar 3, 2020;200.725
Mar 4, 2020;206.786
Mar 5, 2020;201.842
Mar 6, 2020;195.589
Mar 9, 2020;180.05
Mar 10, 2020;186.132
Mar 11, 2020;180.415
Mar 12, 2020;166.139
Mar 13, 2020;175.094
Mar 16, 2020;158.107
Mar 17, 2020;166.118
Mar 18, 2020;159.721
Mar 19, 2020;162.182
Mar 20, 2020;159.624
Mar 23, 2020;153.356
Mar 24, 2020;165.661
Mar 25, 2020;169.589
Mar 26, 2020;174.338
Mar 27, 2020;169.639
Mar 30, 2020;173.365
Mar 31, 2020;173.211
Apr 1, 2020;167.551
Apr 2, 2020;170.574
Apr 3, 2020;169.241
Apr 6, 2020;178.785
Apr 7, 2020;178.892
Apr 8, 2020;182.833
Apr 9, 2020;184.441
Apr 10, 2020;184.561
Apr 13, 2020;183.822
Apr 14, 2020;187.115
Apr 15, 2020;184.155
Apr 16, 2020;185.359
Apr 17, 2020;189.501
Apr 20, 2020;187.635
Apr 21, 2020;182.325
Apr 22, 2020;186.158
Apr 23, 2020;186.738
Apr 24, 2020;187.804
Apr 27, 2020;190.615
Apr 28, 2020;191.02
Apr 29, 2020;195.004
Apr 30, 2020;191.886
May 1, 2020;186.779
May 4, 2020;187.061
May 5, 2020;190.261
May 6, 2020;190.213
May 7, 2020;192.072
May 8, 2020;193.729
May 11, 2020;194.586
May 12, 2020;191.325
May 13, 2020;188.988
May 14, 2020;189.343
May 15, 2020;189.974
May 18, 2020;194.611
May 19, 2020;192.693
May 20, 2020;194.575
May 21, 2020;193.966
May 22, 2020;194.08
May 25, 2020;195.001
May 26, 2020;196.425
May 27, 2020;198.509
May 28, 2020;197.912
May 29, 2020;196.787
Jun 1, 2020;198.358
Jun 2, 2020;199.808
Jun 3, 2020;202.505
Jun 4, 2020;199.982
Jun 5, 2020;204.696
Jun 8, 2020;206.735
Jun 9, 2020;204.801
Jun 10, 2020;204.289
Jun 11, 2020;194.382
Jun 12, 2020;197.347
Jun 15, 2020;196.909
Jun 16, 2020;201.95
Jun 17, 2020;202.241
Jun 18, 2020;202.128
Jun 19, 2020;202.393
Jun 22, 2020;201.903
Jun 23, 2020;202.186
Jun 24, 2020;198.671
Jun 25, 2020;200.679
Jun 26, 2020;197.84
Jun 29, 2020;198.485
Jun 30, 2020;200.8
Jul 1, 2020;201.178
Jul 2, 2020;203.622
Jul 3, 2020;203.504
Jul 6, 2020;205.835
Jul 7, 2020;204.541
Jul 8, 2020;204.963
Jul 9, 2020;204.865
Jul 10, 2020;205.658
Jul 13, 2020;204.342
Jul 14, 2020;204.863
Jul 15, 2020;206.882
Jul 16, 2020;205.362
Jul 17, 2020;206.155
Jul 20, 2020;207.555
Jul 21, 2020;207.874
Jul 22, 2020;206.281
Jul 23, 2020;204.717
Jul 24, 2020;202.511
Jul 27, 2020;201.708
Jul 28, 2020;201.861
Jul 29, 2020;202.693
Jul 30, 2020;201.045
Jul 31, 2020;200.527
Aug 3, 2020;203.453
Aug 4, 2020;204.4
Aug 5, 2020;203.974
Aug 6, 2020;205.038
Aug 7, 2020;205.283
Aug 10, 2020;205.974
Aug 11, 2020;205.996
Aug 12, 2020;207.844
Aug 13, 2020;207.186
Aug 14, 2020;206.816
Aug 17, 2020;207.045
Aug 18, 2020;206.647
Aug 19, 2020;206.495
Aug 20, 2020;206.68
Aug 21, 2020;208.259
Aug 24, 2020;209.942
Aug 25, 2020;210.364
Aug 26, 2020;212.337
Aug 27, 2020;212.534
Aug 28, 2020;211.77
Aug 31, 2020;210.117
Sep 1, 2020;211.359
Sep 2, 2020;215.566
Sep 3, 2020;210.199
Sep 4, 2020;208.697
Sep 7, 2020;208.71
Sep 8, 2020;205.059
Sep 9, 2020;207.724
Sep 10, 2020;204.674
Sep 11, 2020;205.535
Sep 14, 2020;207.255
Sep 15, 2020;208.706
Sep 16, 2020;208.858
Sep 17, 2020;207.47
Sep 18, 2020;205.414
Sep 21, 2020;204.084
Sep 22, 2020;205.627
Sep 23, 2020;203.156
Sep 24, 2020;202.848
Sep 25, 2020;205.31
Sep 28, 2020;208.161
Sep 29, 2020;206.09
Sep 30, 2020;207.068
Oct 1, 2020;207.953
Oct 2, 2020;206.9
Oct 5, 2020;208.891
Oct 6, 2020;207.576
Oct 7, 2020;210.283
Oct 8, 2020;212.115
Oct 9, 2020;212.601
Oct 12, 2020;215.277
Oct 13, 2020;215.463
Oct 14, 2020;214.352
Oct 15, 2020;213.736
Oct 16, 2020;213.768
Oct 19, 2020;211.008
Oct 20, 2020;210.68
Oct 21, 2020;209.624
Oct 22, 2020;210.665
Oct 23, 2020;211.245
Oct 26, 2020;208.354
Oct 27, 2020;207.52
Oct 28, 2020;202.912
Oct 29, 2020;205.441
Oct 30, 2020;203.234
Nov 2, 2020;205.97
Nov 3, 2020;208.074
Nov 4, 2020;212.44
Nov 5, 2020;214.845
Nov 6, 2020;214.477
Nov 9, 2020;218.203
Nov 10, 2020;218.357
Nov 11, 2020;221.108
Nov 12, 2020;218.756
Nov 13, 2020;220.251
Nov 16, 2020;222.734
Nov 17, 2020;221.733
Nov 18, 2020;220.728
Nov 19, 2020;221.455
Nov 20, 2020;220.925
Nov 23, 2020;222.377
Nov 24, 2020;224.542
Nov 25, 2020;224.02
Nov 26, 2020;224.293
Nov 27, 2020;224.296
Nov 30, 2020;222.07
Dec 1, 2020;223.142
Dec 2, 2020;222.777
Dec 3, 2020;222.069
Dec 4, 2020;224.035
Dec 7, 2020;223.959
Dec 8, 2020;224.805
Dec 9, 2020;224.362
Dec 10, 2020;223.533
Dec 11, 2020;223.507
Dec 14, 2020;222.832
Dec 15, 2020;224.113
Dec 16, 2020;224.619
Dec 17, 2020;225.226
Dec 18, 2020;224.686
Dec 21, 2020;223.262
Dec 22, 2020;223.734
Dec 23, 2020;224.236
Dec 24, 2020;224.744
Dec 25, 2020;224.801
Dec 28, 2020;225.447
Dec 29, 2020;225.681
Dec 30, 2020;225.398
Dec 31, 2020;226.939
Jan 1, 2021;226.951
Jan 4, 2021;225.113
Jan 5, 2021;226.423
Jan 6, 2021;227.35
Jan 7, 2021;230.443
Jan 8, 2021;232.633
Jan 11, 2021;232.846
Jan 12, 2021;233.106
Jan 13, 2021;233.716
Jan 14, 2021;234.232
Jan 15, 2021;233.032
Jan 18, 2021;233.294
Jan 19, 2021;234.211
Jan 20, 2021;237.254
Jan 21, 2021;236.786
Jan 22, 2021;235.32
Jan 25, 2021;236.64
Jan 26, 2021;235.227
Jan 27, 2021;231.865
Jan 28, 2021;231.971
Jan 29, 2021;227.366
Feb 1, 2021;232.042
Feb 2, 2021;236.096
Feb 3, 2021;237.127
Feb 4, 2021;239.157
Feb 5, 2021;239.581
Feb 8, 2021;240.918
Feb 9, 2021;240.338
Feb 10, 2021;240.165
Feb 11, 2021;240.729
Feb 12, 2021;241.884
Feb 15, 2021;242.622
Feb 16, 2021;242.874
Feb 17, 2021;243.778
Feb 18, 2021;241.526
Feb 19, 2021;240.827
Feb 22, 2021;238.506
Feb 23, 2021;238.169
Feb 24, 2021;239.368
Feb 25, 2021;234.456
Feb 26, 2021;232.613
Mar 1, 2021;239.05
Mar 2, 2021;237.619
Mar 3, 2021;235.849
Mar 4, 2021;233.136
Mar 5, 2021;237.211
Mar 8, 2021;237.032
Mar 9, 2021;239.708
Mar 10, 2021;240.633
Mar 11, 2021;242.427
Mar 12, 2021;242.744
Mar 15, 2021;244.091
Mar 16, 2021;244.892
Mar 17, 2021;244.769
Mar 18, 2021;242.617
Mar 19, 2021;242.22
Mar 22, 2021;242.763
Mar 23, 2021;242.057
Mar 24, 2021;240.724
Mar 25, 2021;242.198
Mar 26, 2021;245.238
Mar 29, 2021;245.748
Mar 30, 2021;246.24
Mar 31, 2021;246.133
Apr 1, 2021;248.602
Apr 2, 2021;248.804
Apr 5, 2021;250.374
Apr 6, 2021;249.96
Apr 7, 2021;248.842
Apr 8, 2021;250.103
Apr 9, 2021;251.049
Apr 12, 2021;250.263
Apr 13, 2021;250.745
Apr 14, 2021;249.819
Apr 15, 2021;251.983
Apr 16, 2021;252.832
Apr 19, 2021;251.295
Apr 20, 2021;248.568
Apr 21, 2021;250.005
Apr 22, 2021;249.564
Apr 23, 2021;250.929
Apr 26, 2021;251.166
Apr 27, 2021;250.912
Apr 28, 2021;250.808
Apr 29, 2021;251.177
Apr 30, 2021;250.493
May 3, 2021;250.264
May 4, 2021;249.108
May 5, 2021;250.394
May 6, 2021;250.879
May 7, 2021;251.366
May 10, 2021;249.629
May 11, 2021;246.746
May 12, 2021;244.346
May 13, 2021;245.016
May 14, 2021;247.566
May 17, 2021;247.096
May 18, 2021;245.716
May 19, 2021;244.345
May 20, 2021;246.677
May 21, 2021;247.308
May 24, 2021;248.319
May 25, 2021;248.174
May 26, 2021;249.167
May 27, 2021;249.632
May 28, 2021;250.83
May 31, 2021;250.012
Jun 1, 2021;250.443
Jun 2, 2021;251.465
Jun 3, 2021;251.824
Jun 4, 2021;253.024
Jun 7, 2021;252.778
Jun 8, 2021;252.776
Jun 9, 2021;252.306
Jun 10, 2021;253.524
Jun 11, 2021;255.271
Jun 14, 2021;255.536
Jun 15, 2021;255.183
Jun 16, 2021;254.495
Jun 17, 2021;257.199
Jun 18, 2021;255.838
Jun 21, 2021;256.487
Jun 22, 2021;258.083
Jun 23, 2021;257.123
Jun 24, 2021;258.904
Jun 25, 2021;259.535
Jun 28, 2021;260.121
Jun 29, 2021;260.441
Jun 30, 2021;260.847
Jul 1, 2021;261.317
Jul 2, 2021;262.902
Jul 5, 2021;262.751
Jul 6, 2021;262.713
Jul 7, 2021;263.778
Jul 8, 2021;259.889
Jul 9, 2021;262.04
Jul 12, 2021;263.314
Jul 13, 2021;263.917
Jul 14, 2021;263.954
Jul 15, 2021;263.083
Jul 16, 2021;261.661
Jul 19, 2021;257.462
Jul 20, 2021;260.551
Jul 21, 2021;262.339
Jul 22, 2021;263.349
Jul 23, 2021;265.625
Jul 26, 2021;264.413
Jul 27, 2021;262.471
Jul 28, 2021;263.487
Jul 29, 2021;263.796
Jul 30, 2021;262.404
Aug 2, 2021;262.851
Aug 3, 2021;264.524
Aug 4, 2021;264.564
Aug 5, 2021;265.871
Aug 6, 2021;267.143
Aug 9, 2021;267.461
Aug 10, 2021;268.369
Aug 11, 2021;268.651
Aug 12, 2021;269.142
Aug 13, 2021;268.154
Aug 16, 2021;267.805
Aug 17, 2021;267.376
Aug 18, 2021;265.95
Aug 19, 2021;264.754
Aug 20, 2021;265.817
Aug 23, 2021;267.337
Aug 24, 2021;268.389
Aug 25, 2021;269.017
Aug 26, 2021;267.54
Aug 27, 2021;268.758
Aug 30, 2021;269.756
Aug 31, 2021;269.804
Sep 1, 2021;269.546
Sep 2, 2021;269.963
Sep 3, 2021;269.944
Sep 6, 2021;271.022
Sep 7, 2021;270.612
Sep 8, 2021;270.178
Sep 9, 2021;268.891
Sep 10, 2021;267.672
Sep 13, 2021;268.35
Sep 14, 2021;267.199
Sep 15, 2021;267.95
Sep 16, 2021;268.53
Sep 17, 2021;267.226
Sep 20, 2021;263.137
Sep 21, 2021;263.492
Sep 22, 2021;265.201
Sep 23, 2021;267.517
Sep 24, 2021;267.934
Sep 27, 2021;267.68
Sep 28, 2021;263.332
Sep 29, 2021;264.102
Sep 30, 2021;263.035
Oct 1, 2021;263.962
Oct 4, 2021;260.783
Oct 5, 2021;263.277
Oct 6, 2021;264.174
Oct 7, 2021;266.785
Oct 8, 2021;266.351
Oct 11, 2021;265.663
Oct 12, 2021;265.371
Oct 13, 2021;266.054
Oct 14, 2021;269.382
Oct 15, 2021;271.35
Oct 18, 2021;271.777
Oct 19, 2021;272.763
Oct 20, 2021;273.738
Oct 21, 2021;273.925
Oct 22, 2021;273.827
Oct 25, 2021;275.391
Oct 26, 2021;276.394
Oct 27, 2021;274.831
Oct 28, 2021;274.86
Oct 29, 2021;276.682
Nov 1, 2021;277.464
Nov 2, 2021;278.097
Nov 3, 2021;279.237
Nov 4, 2021;281.281
Nov 5, 2021;281.54
Nov 8, 2021;281.236
Nov 9, 2021;280.691
Nov 10, 2021;280.303
Nov 11, 2021;281.675
Nov 12, 2021;284.132
Nov 15, 2021;284.969
Nov 16, 2021;287.255
Nov 17, 2021;287.378
Nov 18, 2021;286.439
Nov 19, 2021;286.594
Nov 22, 2021;286.744
Nov 23, 2021;285.786
Nov 24, 2021;287.537
Nov 25, 2021;287.574
Nov 26, 2021;278.523
Nov 29, 2021;281.459
Nov 30, 2021;277.325
Dec 1, 2021;274.703
Dec 2, 2021;277.174
Dec 3, 2021;275.841
Dec 6, 2021;278.235
Dec 7, 2021;284.681
Dec 8, 2021;283.636
Dec 9, 2021;283.104
Dec 10, 2021;283.632
Dec 13, 2021;282.079
Dec 14, 2021;280.014
Dec 15, 2021;283.298
Dec 16, 2021;281.539
Dec 17, 2021;279.972
Dec 20, 2021;275.817
Dec 21, 2021;280.934
Dec 22, 2021;282.047
Dec 23, 2021;284.444
Dec 24, 2021;284.015
Dec 27, 2021;286.726
Dec 28, 2021;287.562
Dec 29, 2021;286.322
Dec 30, 2021;286.399
Dec 31, 2021;285.187
Jan 3, 2022;288.012
Jan 4, 2022;288.131
Jan 5, 2022;283.583
Jan 6, 2022;283
Jan 7, 2022;281.381
Jan 10, 2022;281.352
Jan 11, 2022;283.253
Jan 12, 2022;283.518
Jan 13, 2022;279.926
Jan 14, 2022;279.739
Jan 17, 2022;280.649
Jan 18, 2022;277.716
Jan 19, 2022;275.609
Jan 20, 2022;274.665
Jan 21, 2022;269.903
Jan 24, 2022;268.69
Jan 25, 2022;266.844
Jan 26, 2022;267.002
Jan 27, 2022;267.74
Jan 28, 2022;271.335
Jan 31, 2022;274.954
Feb 1, 2022;276.336
Feb 2, 2022;277.301
Feb 3, 2022;269.498
Feb 4, 2022;269.874
Feb 7, 2022;269.612
Feb 8, 2022;271.608
Feb 9, 2022;275.648
Feb 10, 2022;272.129
Feb 11, 2022;269.568
Feb 14, 2022;269.125
Feb 15, 2022;271.57
Feb 16, 2022;272.245
Feb 17, 2022;268.102
Feb 18, 2022;266.447
Feb 21, 2022;265.653
Feb 22, 2022;263.289
Feb 23, 2022;260.355
Feb 24, 2022;263.636
Feb 25, 2022;266.887
Feb 28, 2022;267.011
Mar 1, 2022;265.544
Mar 2, 2022;269.799
Mar 3, 2022;268.277
Mar 4, 2022;267.295
Mar 7, 2022;261.048
Mar 8, 2022;258.905
Mar 9, 2022;261.603
Mar 10, 2022;261.74
Mar 11, 2022;259.963
Mar 14, 2022;257.718
Mar 15, 2022;260.307
Mar 16, 2022;267
Mar 17, 2022;268.883
Mar 18, 2022;272.782
Mar 21, 2022;272.51
Mar 22, 2022;276.071
Mar 23, 2022;274.603
Mar 24, 2022;276.673
Mar 25, 2022;277.55
Mar 28, 2022;278.94
Mar 29, 2022;279.854
Mar 30, 2022;277.513
Mar 31, 2022;274.771
Apr 1, 2022;277.443
Apr 4, 2022;280.847
Apr 5, 2022;279.598
Apr 6, 2022;276.668
Apr 7, 2022;276.575
Apr 8, 2022;277.438
Apr 11, 2022;273.148
Apr 12, 2022;272.668
Apr 13, 2022;275.641
Apr 14, 2022;275.384
Apr 15, 2022;275.182
Apr 18, 2022;274.122
Apr 19, 2022;276.53
Apr 20, 2022;275.324
Apr 21, 2022;272.768
Apr 22, 2022;267.8
Apr 25, 2022;268.289
Apr 26, 2022;264.239
Apr 27, 2022;267.127
Apr 28, 2022;272.012
Apr 29, 2022;266.222
May 2, 2022;266.838
May 3, 2022;267.505
May 4, 2022;271.712
May 5, 2022;265.239
May 6, 2022;261.319
May 9, 2022;254.516
May 10, 2022;254.45
May 11, 2022;252.395
May 12, 2022;253.881
May 13, 2022;260.072
May 16, 2022;259.288
May 17, 2022;261.176
May 18, 2022;254.886
May 19, 2022;251.386
May 20, 2022;253.076
May 23, 2022;254.301
May 24, 2022;250.634
May 25, 2022;253.446
May 26, 2022;256.287
May 27, 2022;261.9
May 30, 2022;261.818
May 31, 2022;261.829
Jun 1, 2022;260.942
Jun 2, 2022;263.187
Jun 3, 2022;260.133
Jun 6, 2022;261.358
Jun 7, 2022;262.723
Jun 8, 2022;260.616
Jun 9, 2022;257.283
Jun 10, 2022;253.091
Jun 13, 2022;246.369
Jun 14, 2022;245.057
Jun 15, 2022;247.751
Jun 16, 2022;239.788
Jun 17, 2022;240.166
Jun 20, 2022;239.024
Jun 21, 2022;242.931
Jun 22, 2022;241.023
Jun 23, 2022;243.626
Jun 24, 2022;249.645
Jun 27, 2022;249.172
Jun 28, 2022;247.918
Jun 29, 2022;247.455
Jun 30, 2022;245.259
Jul 1, 2022;247.698
Jul 4, 2022;247.599
Jul 5, 2022;250.753
Jul 6, 2022;252.245
Jul 7, 2022;256.816
Jul 8, 2022;257.021
Jul 11, 2022;256.008
Jul 12, 2022;254.855
Jul 13, 2022;252.6
Jul 14, 2022;253.191
Jul 15, 2022;255.209
Jul 18, 2022;252.77
Jul 19, 2022;256.734
Jul 20, 2022;259.166
Jul 21, 2022;261.546
Jul 22, 2022;259.421
Jul 25, 2022;259.689
Jul 26, 2022;259.581
Jul 27, 2022;264.358
Jul 28, 2022;266.716
Jul 29, 2022;268.717
Aug 1, 2022;267.004
Aug 2, 2022;266.785
Aug 3, 2022;271.011
Aug 4, 2022;269.677
Aug 5, 2022;270.303
Aug 8, 2022;269.476
Aug 9, 2022;268.015
Aug 10, 2022;269.585
Aug 11, 2022;270.243
Aug 12, 2022;275.783
Aug 15, 2022;277.777
Aug 16, 2022;278.333
Aug 17, 2022;276.954
Aug 18, 2022;277.989
Aug 19, 2022;276.755
Aug 22, 2022;273.946
Aug 23, 2022;272.815
Aug 24, 2022;273.035
Aug 25, 2022;276.766
Aug 26, 2022;269.334
Aug 29, 2022;267.478
Aug 30, 2022;265.293
Aug 31, 2022;261.97
Sep 1, 2022;263.048
Sep 2, 2022;260.077
Sep 5, 2022;261.991
Sep 6, 2022;261.284
Sep 7, 2022;262.465
Sep 8, 2022;264.244
Sep 9, 2022;266.507
Sep 12, 2022;267.607
Sep 13, 2022;261.894
Sep 14, 2022;261.693
Sep 15, 2022;259.328
Sep 16, 2022;255.977
Sep 19, 2022;257.267
Sep 20, 2022;255.604
Sep 21, 2022;254.809
Sep 22, 2022;253.688
Sep 23, 2022;251.387
Sep 26, 2022;249.563
Sep 27, 2022;249.96
Sep 28, 2022;252.428
Sep 29, 2022;245.427
Sep 30, 2022;242.697
Oct 3, 2022;246.827
Oct 4, 2022;251.211
Oct 5, 2022;253.223
Oct 6, 2022;251.661
Oct 7, 2022;247.195
Oct 10, 2022;246.883
Oct 11, 2022;244.322
Oct 12, 2022;243.77
Oct 13, 2022;247.054
Oct 14, 2022;243.198
Oct 17, 2022;246.707
Oct 18, 2022;248.61
Oct 19, 2022;248.043
Oct 20, 2022;245.766
Oct 21, 2022;249.96
Oct 24, 2022;249.806
Oct 25, 2022;251.969
Oct 26, 2022;249.768
Oct 27, 2022;250.2
Oct 28, 2022;254.328
Oct 31, 2022;254.908
Nov 1, 2022;255.669
Nov 2, 2022;251.656
Nov 3, 2022;251.304
Nov 4, 2022;252.091
Nov 7, 2022;252.19
Nov 8, 2022;252.465
Nov 9, 2022;249.437
Nov 10, 2022;256.428
Nov 11, 2022;257.407
Nov 14, 2022;255.671
Nov 15, 2022;257.497
Nov 16, 2022;254.586
Nov 17, 2022;254.798
Nov 18, 2022;255.45
Nov 21, 2022;256.514
Nov 22, 2022;258.333
Nov 23, 2022;258.112
Nov 24, 2022;258.365
Nov 25, 2022;258.107
Nov 28, 2022;255.023
Nov 29, 2022;256.237
Nov 30, 2022;263.271
Dec 1, 2022;260.384
Dec 2, 2022;259.895
Dec 5, 2022;255.769
Dec 6, 2022;253.157
Dec 7, 2022;252.069
Dec 8, 2022;252.707
Dec 9, 2022;252.466
Dec 12, 2022;254.241
Dec 13, 2022;254.155
Dec 14, 2022;253.335
Dec 15, 2022;247.18
Dec 16, 2022;245.328
Dec 19, 2022;244.485
Dec 20, 2022;243.5
Dec 21, 2022;246.974
Dec 22, 2022;244.969
Dec 23, 2022;245.233
Dec 26, 2022;245.306
Dec 27, 2022;244.183
Dec 28, 2022;242.764
Dec 29, 2022;244.656
Dec 30, 2022;243.715
Jan 2, 2023;244.087
Jan 3, 2023;246.446
Jan 4, 2023;247.628
Jan 5, 2023;247.388
Jan 6, 2023;250.194
Jan 9, 2023;248.77
Jan 10, 2023;249.762
Jan 11, 2023;251.688
Jan 12, 2023;252.082
Jan 13, 2023;253.153
Jan 16, 2023;253.289
Jan 17, 2023;253.799
Jan 18, 2023;251.295
Jan 19, 2023;249.892
Jan 20, 2023;252.452
Jan 23, 2023;254.145
Jan 24, 2023;253.995
Jan 25, 2023;253.487
Jan 26, 2023;256.642
Jan 27, 2023;257.599
Jan 30, 2023;254.521
Jan 31, 2023;256.501
Feb 1, 2023;257.41
Feb 2, 2023;260.112
Feb 3, 2023;259.695
